name,strength,cardio,mobility,wellbeing,time,intensity,social,environment,description
Styrketräning,3,1,1,2,2,3,1,1,Passar dig som vill bygga styrka och träna strukturerat.
Löpning,1,3,1,2,2,3,1,2,Passar dig som vill förbättra konditionen och gärna tränar utomhus.
Yoga,1,1,3,3,1,1,1,1,Passar dig som vill utveckla rörlighet balans och välmående genom lugnare träning.
Simning,2,3,2,2,2,2,1,1,Passar dig som vill träna kondition och hela kroppen med varierad intensitet.
Cykling,1,3,1,2,3,2,1,2,Passar dig som gillar konditionsträning och längre pass utomhus.
Gruppträning,2,2,1,3,2,2,3,1,Passar dig som motiveras av varierad träning tillsammans med andra.
Pilates,2,1,3,2,2,1,1,1,Passar dig som vill utveckla bålstyrka kontroll och rörlighet.
Promenad,1,2,2,3,2,1,1,2,Passar dig som vill ha lättillgänglig och lågintensiv träning utomhus.
HIIT,2,3,1,2,1,3,2,1,Passar dig som gillar korta effektiva och högintensiva träningspass.
Dans,1,2,2,3,2,2,3,1,Passar dig som gillar rörelse musik och social träning.